{"cameraMode":{"drawMode":0,"name":"Shaded","section":"Shading Mode"},"sceneLighting":true,"audioPlay":false,"sceneViewState":{"m_AlwaysRefresh":false,"showFog":true,"showSkybox":true,"showFlares":true,"showImageEffects":true,"showParticleSystems":true,"showVisualEffectGraphs":true,"m_FxEnabled":true},"in2DMode":false,"pivot":{"x":2.7222118377685549,"y":5.012081146240234,"z":-0.11796128749847412},"rotation":{"x":0.21050229668617249,"y":0.6976298689842224,"z":-0.22732235491275788,"w":0.6460105180740356},"size":16.29066276550293,"orthographic":false}